{
  "manifest": {
    "publishingInformation": {
      "locales": {
        "es-MX": {
          "summary": "Cuestionario para alumnos del Tec de Monterrey V0.01",
          "examplePhrases": [
            "alexa inicia encuesta covid tecnológico",
            "alexa encuesta covid tech"
          ],
          "keywords": [],
          "name": "Cuestionario Tec Covid",
          "description": "Sample Full Description",
          "smallIconUri": "file://assets/images/es-MX_smallIconUri.png",
          "largeIconUri": "file://assets/images/es-MX_largeIconUri.png"
        }
      },
      "automaticDistribution": {
        "sourceLocaleForLanguages": [
          {
            "sourceLocale": "es-MX",
            "language": "es"
          }
        ],
        "isActive": true
      },
      "isAvailableWorldwide": true,
      "testingInstructions": "Try asking for covid.",
      "category": "EDUCATION_AND_REFERENCE",
      "distributionMode": "PUBLIC",
      "distributionCountries": []
    },
    "apis": {
      "custom": {
        "endpoint": {
          "uri": "arn:aws:lambda:us-east-1:044730005432:function:ca1b7835-01c6-47c0-920d-0c6b084cec90:Release_0"
        },
        "interfaces": [],
        "regions": {
          "EU": {
            "endpoint": {
              "uri": "arn:aws:lambda:eu-west-1:044730005432:function:ca1b7835-01c6-47c0-920d-0c6b084cec90:Release_0"
            }
          },
          "NA": {
            "endpoint": {
              "uri": "arn:aws:lambda:us-east-1:044730005432:function:ca1b7835-01c6-47c0-920d-0c6b084cec90:Release_0"
            }
          },
          "FE": {
            "endpoint": {
              "uri": "arn:aws:lambda:us-west-2:044730005432:function:ca1b7835-01c6-47c0-920d-0c6b084cec90:Release_0"
            }
          }
        }
      }
    },
    "manifestVersion": "1.0",
    "privacyAndCompliance": {
      "allowsPurchases": false,
      "locales": {
        "es-MX": {}
      },
      "containsAds": false,
      "isExportCompliant": true,
      "isChildDirected": false,
      "usesPersonalInfo": false
    }
  }
}